{"cameraMode":{"drawMode":0,"name":"Shaded","section":"Shading Mode"},"sceneLighting":true,"audioPlay":false,"sceneViewState":{"showFog":true,"showMaterialUpdate":false,"showSkybox":true,"showFlares":true,"showImageEffects":true,"showParticleSystems":true,"showVisualEffectGraphs":true,"m_FxEnabled":true},"in2DMode":false,"pivot":{"x":-0.5349273681640625,"y":1.5661208629608155,"z":10.896947860717774},"rotation":{"x":0.08364244550466538,"y":0.07824451476335526,"z":-0.006587698590010405,"w":0.9934007525444031},"size":9.499106407165528,"orthographic":false}