{"cameraMode":{"drawMode":0,"name":"Shaded","section":"Shading Mode"},"sceneLighting":true,"audioPlay":false,"sceneViewState":{"showFog":true,"showMaterialUpdate":false,"showSkybox":true,"showFlares":true,"showImageEffects":true,"showParticleSystems":true,"showVisualEffectGraphs":true,"m_FxEnabled":true},"in2DMode":false,"pivot":{"x":-0.33486780524253847,"y":-10.992225646972657,"z":59.99647521972656},"rotation":{"x":0.11853062361478806,"y":0.0014855911722406746,"z":-0.00017508896416984499,"w":0.9929548501968384},"size":35.50984573364258,"orthographic":false}