{"cameraMode":{"drawMode":0,"name":"Shaded","section":"Shading Mode"},"sceneLighting":true,"audioPlay":false,"sceneViewState":{"showFog":true,"showMaterialUpdate":false,"showSkybox":true,"showFlares":true,"showImageEffects":true,"showParticleSystems":true,"showVisualEffectGraphs":true,"m_FxEnabled":true},"in2DMode":false,"pivot":{"x":-1.0491379499435425,"y":4.689974784851074,"z":4.508295059204102},"rotation":{"x":-0.33935871720314028,"y":-0.05301690101623535,"z":0.019161013886332513,"w":-0.9389663934707642},"size":10.267058372497559,"orthographic":false}