{"cameraMode":{"drawMode":0,"name":"Shaded","section":"Shading Mode"},"sceneLighting":true,"audioPlay":false,"sceneViewState":{"showFog":true,"showMaterialUpdate":false,"showSkybox":true,"showFlares":true,"showImageEffects":true,"showParticleSystems":true,"showVisualEffectGraphs":true,"m_FxEnabled":true},"in2DMode":false,"pivot":{"x":-12.662933349609375,"y":8.526461601257325,"z":20.46507453918457},"rotation":{"x":-0.12745143473148347,"y":-0.012797906994819641,"z":0.0016450152033939958,"w":-0.9917641282081604},"size":20.00887680053711,"orthographic":false}