{"cameraMode":{"drawMode":0,"name":"Shaded","section":"Shading Mode"},"sceneLighting":true,"audioPlay":false,"sceneViewState":{"showFog":true,"showMaterialUpdate":false,"showSkybox":true,"showFlares":true,"showImageEffects":true,"showParticleSystems":true,"showVisualEffectGraphs":true,"m_FxEnabled":true},"in2DMode":false,"pivot":{"x":0.12636995315551759,"y":-3.8798866271972658,"z":17.242956161499025},"rotation":{"x":0.02278992347419262,"y":0.9420145750045776,"z":-0.32835623621940615,"w":0.06538232415914536},"size":17.93943977355957,"orthographic":false}