{"cameraMode":{"drawMode":0,"name":"Shaded","section":"Shading Mode"},"sceneLighting":true,"audioPlay":false,"sceneViewState":{"showFog":true,"showMaterialUpdate":false,"showSkybox":true,"showFlares":true,"showImageEffects":true,"showParticleSystems":true,"showVisualEffectGraphs":true,"m_FxEnabled":true},"in2DMode":false,"pivot":{"x":2.031580924987793,"y":4.137048721313477,"z":-1.6254167556762696},"rotation":{"x":-0.10360762476921082,"y":-0.017308661714196206,"z":0.001803185441531241,"w":-0.9944663643836975},"size":4.202488422393799,"orthographic":false}