{"cameraMode":{"drawMode":0,"name":"Shaded","section":"Shading Mode"},"sceneLighting":true,"audioPlay":false,"sceneViewState":{"showFog":true,"showMaterialUpdate":false,"showSkybox":true,"showFlares":true,"showImageEffects":true,"showParticleSystems":true,"showVisualEffectGraphs":true,"m_FxEnabled":true},"in2DMode":false,"pivot":{"x":17.440000534057618,"y":0.7899999618530273,"z":1.531270980834961},"rotation":{"x":0.28889113664627077,"y":0.32848262786865237,"z":-0.10627296566963196,"w":0.8929440379142761},"size":12.12435531616211,"orthographic":false}