{"cameraMode":{"drawMode":0,"name":"Shaded","section":"Shading Mode"},"sceneLighting":true,"audioPlay":false,"sceneViewState":{"showFog":true,"showMaterialUpdate":false,"showSkybox":true,"showFlares":true,"showImageEffects":true,"showParticleSystems":true,"showVisualEffectGraphs":true,"m_FxEnabled":true},"in2DMode":false,"pivot":{"x":10.54688549041748,"y":1.3599977493286133,"z":6.7550201416015629},"rotation":{"x":0.16841855645179749,"y":0.3021188974380493,"z":-0.054320868104696277,"w":0.9367022514343262},"size":12.12435531616211,"orthographic":false}