{"cameraMode":{"drawMode":0,"name":"Shaded","section":"Shading Mode"},"sceneLighting":true,"audioPlay":false,"sceneViewState":{"showFog":true,"showMaterialUpdate":false,"showSkybox":true,"showFlares":true,"showImageEffects":true,"showParticleSystems":true,"showVisualEffectGraphs":true,"m_FxEnabled":true},"in2DMode":false,"pivot":{"x":22.955646514892579,"y":-2.2325305938720705,"z":29.233278274536134},"rotation":{"x":0.25627630949020388,"y":0.6508493423461914,"z":-0.2490014135837555,"w":0.6698657870292664},"size":23.785606384277345,"orthographic":false}