{"cameraMode":{"drawMode":0,"name":"Shaded","section":"Shading Mode"},"sceneLighting":true,"audioPlay":false,"sceneViewState":{"showFog":true,"showMaterialUpdate":false,"showSkybox":true,"showFlares":true,"showImageEffects":true,"showParticleSystems":true,"showVisualEffectGraphs":true,"m_FxEnabled":true},"in2DMode":false,"pivot":{"x":-0.9870743751525879,"y":6.728185653686523,"z":1.1721925735473633},"rotation":{"x":-0.10360762476921082,"y":-0.017308661714196206,"z":0.001803185441531241,"w":-0.9944663643836975},"size":12.12435531616211,"orthographic":false}